EmpId,EmpName,DateOfBirth,Designation,Manager,DateOfJoin,Department,Salary
1,asdas,16-06-1991,SE,asdas3,02-02-2014,RRF,124541
2,qwe,17-06-1991,SSE,1324wfda,03-02-2014,RRF,1232131
3,ase,18-06-1991,AE,asd33,04-02-2014,RRF,4235432
4,asas,19-06-1991,YG,1234asd,05-02-2014,RRF,234132
5,qweqw,20-06-1991,SE,asdas4,06-02-2014,RRF,12321
6,qwe,21-06-1991,SSE,1324wfda,07-02-2014,CTB,324234
7,asewqwe,22-06-1991,AE,asd34,08-02-2014,OPER,360905.3333
8,as,23-06-1991,YG,1234asd,09-02-2014,OPER,170554.9048
9,asdas,24-06-1991,SE,asdas5,10-02-2014,CTB,234234
10,as,25-06-1991,SSE,1324wfda,11-02-2014,CTB,345134
11,asdas,26-06-1991,AE,asd35,12-02-2014,CTB,24521321
12,qwerq,27-06-1991,YG,1234asd,13-02-2014,OPER,4345439
13,asasqw,28-06-1991,SE,asdas6,14-02-2014,OPER,1231235
14,32rqewrd,29-06-1991,SSE,1324wfda,15-02-2014,OPER,1236665
15,dasfgh,30-06-1991,AE,asd36,16-02-2014,OPER,234234
16,adrqew3,01-07-1991,YG,1234asd,17-02-2014,OPER,345134
17,fewtfr23,02-07-1991,SE,asdas7,18-02-2014,OPER,24521321
18,qwrqwr,03-07-1991,SSE,1324wfda,19-02-2014,OPER,4345439
19,ewr2323,04-07-1991,AE,asd37,20-02-2014,OPER,112312
20,qwrqwr1,03-07-1991,SSE,1324wfda,19-0222014,OPER,4345439
21,ewr23231,04-07-1991,AE,asd37,20-02-2014,OPER,112312
